<?xml version="1.0" encoding="UTF-8" standalone="yes"?>
<app version="1.0">
	<name>Old HBC</name>
	<version>1.1.6</version>
	<release_date>202512100000</release_date>
	<coder>drmr, MarioFan11 and Team Twiizers</coder>
	<short_description>The old Homebrew Channel theme version</short_description>
	<long_description>Run this like an application to apply the theme to the Homebrew Channel. Revert to the default theme by deleting the Homebrew Channel "savegame" using the data management in the Wii System Menu.</long_description>
</app>
